{
  "model_config": {
    "sequence_length": 3,
    "sequence_model_length": 75,
    "feature_dim": 25,
    "model_parameters": 215993
  },
  "data_info": {
    "sequence_length": 3,
    "feature_dim": 25,
    "random_seed": 42,
    "total_samples": 199,
    "total_games_loaded": 202
  },
  "training_config": {
    "epochs_trained": 85,
    "final_train_loss": 0.47804826498031616,
    "final_val_loss": 0.48110058903694153
  },
  "evaluation_results": {
    "loss": 0.43609869480133057,
    "compile_metrics": 0.8453333377838135,
    "top3_hit_rate": 0.15555555555555553,
    "exact_match_rate": 0.03333333333333333,
    "baseline_hit_rate": 0.15555555555555553,
    "hit_rate_improvement": 0.0,
    "brier_score": 0.13234645128250122
  },
  "timestamp": "2025-08-11T20:41:40.074134"
}